Method,Accuracy,Precision,Recall,F1 Score
Correlation,0.817515302347481,0.6437856689917565,0.5609116022099447,0.5994980808975494
