Method,Accuracy,Precision,Recall,F1 Score
RFE,0.9757852962938051,0.9244791666666666,0.9806629834254144,0.9517426273458445
